search_term,id
Explosion,uUQjFupJ97I&pp=ygUJRXhwbG9zaW9u
Explosion,m5zzhKNxeGM&pp=ygUJRXhwbG9zaW9u
Explosion,bZPQgSxGKW4&pp=ygUJRXhwbG9zaW9u
Explosion,IUng-lQhSH0&pp=ygUJRXhwbG9zaW9u
Explosion,DwiW_7Vg93o&pp=ygUJRXhwbG9zaW9u
Explosion,S2zwCipHZGY&pp=ygUJRXhwbG9zaW9u
Explosion,Hd6Z_pGx9_4&pp=ygUJRXhwbG9zaW9u
Explosion,noY-Sd0DZqM&pp=ygUJRXhwbG9zaW9u
Explosion,_f2HraHhlSk&pp=ygUJRXhwbG9zaW9u
Explosion,CL2mUeIW1uM&pp=ygUJRXhwbG9zaW9u
Explosion,NKJvcVM6jvE&pp=ygUJRXhwbG9zaW9u
Explosion,pZW0lafLXiU&pp=ygUJRXhwbG9zaW9u
Explosion,QXrHyiAY4DM&pp=ygUJRXhwbG9zaW9u
Explosion,UTdy1Yp1h5A&pp=ygUJRXhwbG9zaW9u
Explosion,sqFr_M9E808&pp=ygUJRXhwbG9zaW9u
Explosion,QEM3_0npi6E&pp=ygUJRXhwbG9zaW9u
Explosion,pHclBYf4Xmc&pp=ygUJRXhwbG9zaW9u
Explosion,AnbQhyJvxCw&pp=ygUJRXhwbG9zaW9u
Explosion,IGMeYWBWcO0&pp=ygUJRXhwbG9zaW9u
Explosion,NMhA5j0CqDk&pp=ygUJRXhwbG9zaW9u
Explosion,ydWLkyMRfaU&pp=ygUJRXhwbG9zaW9u
Explosion,1z9Y2SlbCv8&pp=ygUJRXhwbG9zaW9u
Explosion,jEexefuB62c&pp=ygUJRXhwbG9zaW9u
Explosion,_L7SlqDtRnc&pp=ygUJRXhwbG9zaW9u
Explosion,615lNmMiOSQ&pp=ygUJRXhwbG9zaW9u
Explosion,sVuvtfY8RiE&pp=ygUJRXhwbG9zaW9u
Explosion,ust1nfibm9w&pp=ygUJRXhwbG9zaW9u
Explosion,ykpIG37qVTw&pp=ygUJRXhwbG9zaW9u
Explosion,4uDb-z7unRY&pp=ygUJRXhwbG9zaW9u
Explosion,YCpolQ9F-iM&pp=ygUJRXhwbG9zaW9u
Explosion,nhj1RK-3H40&pp=ygUJRXhwbG9zaW9u
Explosion,ZDCL45jqkwQ&pp=ygUJRXhwbG9zaW9u
Explosion,k9qqRXRNnfE&pp=ygUJRXhwbG9zaW9u
Explosion,HEeYm8natpo&pp=ygUJRXhwbG9zaW9u
Explosion,fI6hNPBCowc&pp=ygUJRXhwbG9zaW9u
Explosion,k7qUSox-OZ8&pp=ygUJRXhwbG9zaW9u
Explosion,PlhCz-i3HGc&pp=ygUJRXhwbG9zaW9u
Explosion,9_wsjaJ44jo&pp=ygUJRXhwbG9zaW9u
Explosion,mne5dDc9KXg&pp=ygUJRXhwbG9zaW9u
Explosion,MF1M6nVZ2AM&pp=ygUJRXhwbG9zaW9u
Explosion,XMux771-Lhs&pp=ygUJRXhwbG9zaW9u
Explosion,_VH3rKGHqhg&pp=ygUJRXhwbG9zaW9u
Explosion,7-sfRN6I06E&pp=ygUJRXhwbG9zaW9u
Explosion,bRAuNqT2QFs&pp=ygUJRXhwbG9zaW9u
Explosion,Fp227Kz6f5U&pp=ygUJRXhwbG9zaW9u
Explosion,CR5FVR9215Y&pp=ygUJRXhwbG9zaW9u
Explosion,99KxF-nwsH4&pp=ygUJRXhwbG9zaW9u
Explosion,1f_LSanhxoU&pp=ygUJRXhwbG9zaW9u
Explosion,XEHSwQVfB0k&pp=ygUJRXhwbG9zaW9u
Explosion,Jtw2UmMAsIY&pp=ygUJRXhwbG9zaW9u
Explosion,Nivf3Y96I_E&pp=ygUJRXhwbG9zaW9u
Explosion,T2xZpYQMtpU&pp=ygUJRXhwbG9zaW9u
Explosion,qJLf_5RJFG8&pp=ygUJRXhwbG9zaW9u
Explosion,8GkcJre6ti0&pp=ygUJRXhwbG9zaW9u
Explosion,PDRWQUUUCF0&pp=ygUJRXhwbG9zaW9u
Explosion,azA_zYYYy7I&pp=ygUJRXhwbG9zaW9u
Explosion,blUo1WmicyU&pp=ygUJRXhwbG9zaW9u
Explosion,FXjiRTSsjk4&pp=ygUJRXhwbG9zaW9u
Explosion,EqEJQJWieng&pp=ygUJRXhwbG9zaW9u
Explosion,_KuGizBjDXo&pp=ygUJRXhwbG9zaW9u
Explosion,b1mCl7t5v6o&pp=ygUJRXhwbG9zaW9u
Explosion,x_r-yfDtb4U&pp=ygUJRXhwbG9zaW9u
Explosion,F4FEpI-0tzI&pp=ygUJRXhwbG9zaW9u
Explosion,zdfsPfRG6b0&pp=ygUJRXhwbG9zaW9u
Explosion,YRex1Udiybs&pp=ygUJRXhwbG9zaW9u
Explosion,U0Uo_o2hrnA&pp=ygUJRXhwbG9zaW9u
Explosion,KC7zdZ00eZ4&pp=ygUJRXhwbG9zaW9u
Explosion,5hF-SPK4jJA&pp=ygUJRXhwbG9zaW9u
Explosion,evUfG3lrk5U&pp=ygUJRXhwbG9zaW9u
Explosion,5s3-c2gpbEs&pp=ygUJRXhwbG9zaW9u
Explosion,2mBF2gSEEHQ&pp=ygUJRXhwbG9zaW9u
Explosion,u1P5cVMxhyI&pp=ygUJRXhwbG9zaW9u
Explosion,vxNnUU3eRD0&pp=ygUJRXhwbG9zaW9u
Explosion,LqaXfjz5mzM&pp=ygUJRXhwbG9zaW9u
Explosion,LLWlPyRhUTY&pp=ygUJRXhwbG9zaW9u
Explosion,VxY5xLKipp4&pp=ygUJRXhwbG9zaW9u
Explosion,hkBscgjlCaQ&pp=ygUJRXhwbG9zaW9u
Explosion,pJawPiPwpOc&pp=ygUJRXhwbG9zaW9u
Explosion,UUQ_G92_ZKk&pp=ygUJRXhwbG9zaW9u
Explosion,HWrDQcZUtdI&pp=ygUJRXhwbG9zaW9u
Explosion,q4DF3j4saCE&pp=ygUJRXhwbG9zaW9u
Explosion,ohvepSu5Yps&pp=ygUJRXhwbG9zaW9u
Explosion,aysiMbgml5g&pp=ygUJRXhwbG9zaW9u
Explosion,oWQ5KnP2W3k&pp=ygUJRXhwbG9zaW9u
Explosion,hryVXjkxs8w&pp=ygUJRXhwbG9zaW9u
Explosion,VLU9WnTAtGI&pp=ygUJRXhwbG9zaW9u
Explosion,45X1H6MbGRY&pp=ygUJRXhwbG9zaW9u
Explosion,OcVoD4T0TyI&pp=ygUJRXhwbG9zaW9u
Explosion,2ZvgfYpwAC0&pp=ygUJRXhwbG9zaW9u
Explosion,kAkRKuv5Rts&pp=ygUJRXhwbG9zaW9u
Explosion,19JgRMsm0do&pp=ygUJRXhwbG9zaW9u
Explosion,nK1ZD0RSRDI&pp=ygUJRXhwbG9zaW9u
Explosion,LNDhIGR-83w&pp=ygUJRXhwbG9zaW9u
Explosion,hJejKAKkJoQ&pp=ygUJRXhwbG9zaW9u
Explosion,N3AShaHdZos&pp=ygUJRXhwbG9zaW9u
Explosion,OPthZO0fCLg&pp=ygUJRXhwbG9zaW9u
Explosion,5i6aEA-RkOQ&pp=ygUJRXhwbG9zaW9u
Explosion,lBcRSBlqwhU&pp=ygUJRXhwbG9zaW9u
Explosion,xgVfc6uFgSY&pp=ygUJRXhwbG9zaW9u
Explosion,a_aSCZwbtsU&pp=ygUJRXhwbG9zaW9u
blast,8UnFb2OzulM&pp=ygUFYmxhc3Q%3D
blast,4eHBfZ2AZQA&pp=ygUFYmxhc3Q%3D
blast,FHUXAx31zYw&pp=ygUFYmxhc3Q%3D
blast,cNmiLduOgQs&pp=ygUFYmxhc3Q%3D
blast,_9tr5pF_wzA&pp=ygUFYmxhc3Q%3D
blast,ZxzpUvvg2aY&pp=ygUFYmxhc3Q%3D
blast,pgbESbkvZS4&pp=ygUFYmxhc3Q%3D
blast,4hjxnK05LBM&pp=ygUFYmxhc3Q%3D
blast,t00TGHtt27Y&pp=ygUFYmxhc3Q%3D
blast,qp26oo4PQCY&pp=ygUFYmxhc3Q%3D
blast,AgPky5xnRFc&pp=ygUFYmxhc3Q%3D
blast,CnwFBNIrbc8&pp=ygUFYmxhc3Q%3D
blast,W0gcMWUBRmQ&pp=ygUFYmxhc3Q%3D
blast,mJu5C4ye5I0&pp=ygUFYmxhc3Q%3D
blast,kSlaCi538M8&pp=ygUFYmxhc3Q%3D
blast,2BFLySY9a60&pp=ygUFYmxhc3Q%3D
blast,GuhAzualkcg&pp=ygUFYmxhc3Q%3D
blast,VYI6Oaja14k&pp=ygUFYmxhc3Q%3D
blast,Dua9excb4s8&pp=ygUFYmxhc3Q%3D
blast,PnITBsmG7G0&pp=ygUFYmxhc3Q%3D
blast,P0Z-i-IrxWU&pp=ygUFYmxhc3Q%3D
blast,bk61MXtaaZw&pp=ygUFYmxhc3Q%3D
blast,3rDHq0EIFI4&pp=ygUFYmxhc3Q%3D
blast,qGUbIxk2Cac&pp=ygUFYmxhc3Q%3D
blast,dqUkUrRpHSY&pp=ygUFYmxhc3Q%3D
blast,tSw5mhvVLGU&pp=ygUFYmxhc3Q%3D
blast,PfsXFQDszdw&pp=ygUFYmxhc3Q%3D
blast,2l6Wzvk7V_8&pp=ygUFYmxhc3Q%3D
blast,Y6ZW3jKAhko&pp=ygUFYmxhc3Q%3D
blast,JwI2KFSXJQg&pp=ygUFYmxhc3Q%3D
blast,D1oKD2X3uXU&pp=ygUFYmxhc3Q%3D
blast,DEUamqLsdcM&pp=ygUFYmxhc3Q%3D
blast,N0LJky5E1_I&pp=ygUFYmxhc3Q%3D
blast,kMuQS-qjC3o&pp=ygUFYmxhc3Q%3D
blast,2zYR04KK2Ws&pp=ygUFYmxhc3Q%3D
blast,0x-O40E63Qk&pp=ygUFYmxhc3Q%3D
blast,r8xVo5lue0E&pp=ygUFYmxhc3Q%3D
blast,omGrk9CdjfQ&pp=ygUFYmxhc3Q%3D
blast,eKF5K-Gh_DM&pp=ygUFYmxhc3Q%3D
blast,XM2kiuguYxE&pp=ygUFYmxhc3Q%3D
blast,SqLtMKwLB0k&pp=ygUFYmxhc3Q%3D
blast,NcUnBHmNzTg&pp=ygUFYmxhc3Q%3D
blast,v46s1I5gvQg&pp=ygUFYmxhc3Q%3D
blast,rolF-81xbAQ&pp=ygUFYmxhc3Q%3D
blast,2kIxFvHH3ec&pp=ygUFYmxhc3Q%3D
blast,-n3GM5TIUPk&pp=ygUFYmxhc3Q%3D
blast,1otcEmwY4Vg&pp=ygUFYmxhc3Q%3D
blast,NulqZnJnyyc&pp=ygUFYmxhc3Q%3D
blast,1uUevwWN_u0&pp=ygUFYmxhc3Q%3D
blast,HG8Feb-sRa8&pp=ygUFYmxhc3Q%3D
blast,lGkhiiM-KRg&pp=ygUFYmxhc3Q%3D
blast,ZD6NhWmZB3U&pp=ygUFYmxhc3Q%3D
blast,x4UNf8k__kk&pp=ygUFYmxhc3Q%3D
blast,yrJkH6y2t5M&pp=ygUFYmxhc3Q%3D
blast,2qw7GiEjACA&pp=ygUFYmxhc3Q%3D
blast,O_e63ScEneo&pp=ygUFYmxhc3Q%3D
blast,l1YtQ2YOZDg&pp=ygUFYmxhc3Q%3D
blast,NCkPunuEnFQ&pp=ygUFYmxhc3Q%3D
blast,Yy9-Huzv1Q0&pp=ygUFYmxhc3Q%3D
blast,qMwFoNG9eJI&pp=ygUFYmxhc3Q%3D
blast,CDUOr-DRv8c&pp=ygUFYmxhc3Q%3D
blast,KN7HrvBAfO0&pp=ygUFYmxhc3Q%3D
blast,9FGrqSmHQhk&pp=ygUFYmxhc3Q%3D
blast,TMcd0LYbYRs&pp=ygUFYmxhc3Q%3D
blast,cv3XDkqTGog&pp=ygUFYmxhc3Q%3D
blast,bqok4os5J6w&pp=ygUFYmxhc3Q%3D
blast,Xa15fkx2hYM&pp=ygUFYmxhc3Q%3D
blast,WkiDksy0vOg&pp=ygUFYmxhc3Q%3D
blast,5ETDc-TPBFg&pp=ygUFYmxhc3Q%3D
blast,Yzw-oSdc958&pp=ygUFYmxhc3Q%3D
blast,OSFe5MrudRE&pp=ygUFYmxhc3Q%3D
blast,7SF0Bt79J4E&pp=ygUFYmxhc3Q%3D
blast,D9hd5b6x_ho&pp=ygUFYmxhc3Q%3D
blast,tnM85PaScIQ&pp=ygUFYmxhc3Q%3D
blast,_9FFQNY29Bc&pp=ygUFYmxhc3Q%3D
blast,xmfRXDwh0o0&pp=ygUFYmxhc3Q%3D
blast,-gqf8DjTLHo&pp=ygUFYmxhc3Q%3D
blast,T4Jv5pIXSIQ&pp=ygUFYmxhc3Q%3D
blast,qTPH1-adVwM&pp=ygUFYmxhc3Q%3D
blast,qjLTrMh6lz8&pp=ygUFYmxhc3Q%3D
blast,UJRFl6x-VUI&pp=ygUFYmxhc3Q%3D
blast,OTfJGIVy3Dw&pp=ygUFYmxhc3Q%3D
blast,ORd9GgF5w_o&pp=ygUFYmxhc3Q%3D
blast,tqmvzm6ueKg&pp=ygUFYmxhc3Q%3D
blast,qFkgm0-MfCs&pp=ygUFYmxhc3Q%3D
blast,0Qq1D35m5VU&pp=ygUFYmxhc3Q%3D
blast,lrS-KwsZmt4&pp=ygUFYmxhc3Q%3D
blast,_sTBqg7se7Q&pp=ygUFYmxhc3Q%3D
blast,sdvSNTcMe-0&pp=ygUFYmxhc3Q%3D
blast,QmVnNME9iQ4&pp=ygUFYmxhc3Q%3D
blast,bwkXZgRv4v0&pp=ygUFYmxhc3Q%3D
blast,gniZFHYROB0&pp=ygUFYmxhc3Q%3D
blast,Ykwe69eZ374&pp=ygUFYmxhc3Q%3D
blast,my3zOF0QbN4&pp=ygUFYmxhc3Q%3D
blast,FMIgIJV8wmQ&pp=ygUFYmxhc3Q%3D
blast,o_gZTN-3tcE&pp=ygUFYmxhc3Q%3D
blast,8CrKcPiCV2Q&pp=ygUFYmxhc3Q%3D
blast,IkiFbFz1cOQ&pp=ygUFYmxhc3Q%3D
blast,KtbsKFEqHUc&pp=ygUFYmxhc3Q%3D
blast,BgNPkokSEG0&pp=ygUFYmxhc3Q%3D
detonation,eqZ_tJbW7t8&pp=ygUKZGV0b25hdGlvbg%3D%3D
detonation,QZ7fIsUrkeE&pp=ygUKZGV0b25hdGlvbg%3D%3D
detonation,HacmLGaRTwM&pp=ygUKZGV0b25hdGlvbg%3D%3D
detonation,5s3-c2gpbEs&pp=ygUKZGV0b25hdGlvbg%3D%3D
detonation,FjEAfgi83po&pp=ygUKZGV0b25hdGlvbg%3D%3D
detonation,UfqXhnr2Ho4&pp=ygUKZGV0b25hdGlvbg%3D%3D
detonation,JlReg-GIzIg&pp=ygUKZGV0b25hdGlvbg%3D%3D
detonation,yfsXbVbVv8k&pp=ygUKZGV0b25hdGlvbg%3D%3D
detonation,eT0mW2e_GJM&pp=ygUKZGV0b25hdGlvbg%3D%3D
detonation,CL2mUeIW1uM&pp=ygUKZGV0b25hdGlvbg%3D%3D
detonation,_L7SlqDtRnc&pp=ygUKZGV0b25hdGlvbg%3D%3D
detonation,C0qH9e2OziM&pp=ygUKZGV0b25hdGlvbg%3D%3D
detonation,KiIyUpNG-gE&pp=ygUKZGV0b25hdGlvbg%3D%3D
detonation,kkF-08OIqYY&pp=ygUKZGV0b25hdGlvbg%3D%3D
detonation,dVcLxVrhRWc&pp=ygUKZGV0b25hdGlvbg%3D%3D
detonation,jBWUim-rppQ&pp=ygUKZGV0b25hdGlvbg%3D%3D
detonation,ydWLkyMRfaU&pp=ygUKZGV0b25hdGlvbg%3D%3D
detonation,UShD03eG9IU&pp=ygUKZGV0b25hdGlvbg%3D%3D
detonation,SkVikPiahBM&pp=ygUKZGV0b25hdGlvbg%3D%3D
detonation,32uPyul0Hpw&pp=ygUKZGV0b25hdGlvbg%3D%3D
detonation,2_UMKcnuYt0&pp=ygUKZGV0b25hdGlvbg%3D%3D
detonation,EMPNUVb43fU&pp=ygUKZGV0b25hdGlvbg%3D%3D
detonation,-vJ91B5IdrI&pp=ygUKZGV0b25hdGlvbg%3D%3D
detonation,UYObMlkEqt0&pp=ygUKZGV0b25hdGlvbg%3D%3D
detonation,D-dLjHJuFWQ&pp=ygUKZGV0b25hdGlvbg%3D%3D
detonation,hFXaKanvfWA&pp=ygUKZGV0b25hdGlvbg%3D%3D
detonation,1tIXOKF_b_8&pp=ygUKZGV0b25hdGlvbg%3D%3D
detonation,FIuRpGZhY6k&pp=ygUKZGV0b25hdGlvbg%3D%3D
detonation,JVJ3Nsjb1RQ&pp=ygUKZGV0b25hdGlvbg%3D%3D
detonation,ust1nfibm9w&pp=ygUKZGV0b25hdGlvbg%3D%3D
detonation,uuMnHWdxPnI&pp=ygUKZGV0b25hdGlvbg%3D%3D
detonation,yzUxHFuSheA&pp=ygUKZGV0b25hdGlvbg%3D%3D
detonation,dT-ttgkhxlg&pp=ygUKZGV0b25hdGlvbg%3D%3D
detonation,awH-1XWPM2s&pp=ygUKZGV0b25hdGlvbg%3D%3D
detonation,gPd9_T0HqfY&pp=ygUKZGV0b25hdGlvbg%3D%3D
detonation,XMux771-Lhs&pp=ygUKZGV0b25hdGlvbg%3D%3D
detonation,k7qUSox-OZ8&pp=ygUKZGV0b25hdGlvbg%3D%3D
detonation,Fp227Kz6f5U&pp=ygUKZGV0b25hdGlvbg%3D%3D
detonation,aueEno3SA54&pp=ygUKZGV0b25hdGlvbg%3D%3D
detonation,7-sfRN6I06E&pp=ygUKZGV0b25hdGlvbg%3D%3D
detonation,YdEd7Z-I9yw&pp=ygUKZGV0b25hdGlvbg%3D%3D
detonation,93tV6-0Ugwk&pp=ygUKZGV0b25hdGlvbg%3D%3D
detonation,2KlAf936E90&pp=ygUKZGV0b25hdGlvbg%3D%3D
detonation,m5zzhKNxeGM&pp=ygUKZGV0b25hdGlvbg%3D%3D
detonation,rG_Eh0J_4_s&pp=ygUKZGV0b25hdGlvbg%3D%3D
detonation,277HZDjtgGU&pp=ygUKZGV0b25hdGlvbg%3D%3D
detonation,g122XN-DQoY&pp=ygUKZGV0b25hdGlvbg%3D%3D
detonation,Hd6Z_pGx9_4&pp=ygUKZGV0b25hdGlvbg%3D%3D
detonation,aep822ScjxY&pp=ygUKZGV0b25hdGlvbg%3D%3D
detonation,pHclBYf4Xmc&pp=ygUKZGV0b25hdGlvbg%3D%3D
detonation,KlRzsBxVyUE&pp=ygUKZGV0b25hdGlvbg%3D%3D
detonation,n4sXLo3BWQU&pp=ygUKZGV0b25hdGlvbg%3D%3D
detonation,BI5AmEPV4XY&pp=ygUKZGV0b25hdGlvbg%3D%3D
detonation,6xTWHJADFe8&pp=ygUKZGV0b25hdGlvbg%3D%3D
detonation,XPzs5Z249Hs&pp=ygUKZGV0b25hdGlvbg%3D%3D
detonation,_qHuuTKy41E&pp=ygUKZGV0b25hdGlvbg%3D%3D
detonation,dGFkw0hzW1c&pp=ygUKZGV0b25hdGlvbg%3D%3D
detonation,1f_LSanhxoU&pp=ygUKZGV0b25hdGlvbg%3D%3D
detonation,8pzsxX5DB-k&pp=ygUKZGV0b25hdGlvbg%3D%3D
detonation,y5BVRFqBg0A&pp=ygUKZGV0b25hdGlvbg%3D%3D
detonation,oqSJhrRY-Pc&pp=ygUKZGV0b25hdGlvbg%3D%3D
detonation,RVxgyz_avQM&t=182s&pp=ygUKZGV0b25hdGlvbg%3D%3D
detonation,CYIBD8zAKbs&pp=ygUKZGV0b25hdGlvbg%3D%3D
detonation,4OvywNsWWd4&pp=ygUKZGV0b25hdGlvbg%3D%3D
detonation,jZpSVnP1k68&pp=ygUKZGV0b25hdGlvbg%3D%3D
detonation,QEM3_0npi6E&pp=ygUKZGV0b25hdGlvbg%3D%3D
detonation,Bihuf2erLnE&pp=ygUKZGV0b25hdGlvbg%3D%3D
detonation,Aozo7hSfukA&pp=ygUKZGV0b25hdGlvbg%3D%3D
detonation,UUQ_G92_ZKk&pp=ygUKZGV0b25hdGlvbg%3D%3D
detonation,2TUu8BjC5Kk&pp=ygUKZGV0b25hdGlvbg%3D%3D
detonation,66okwgg6Rrw&pp=ygUKZGV0b25hdGlvbg%3D%3D
detonation,QpWBTirAL0Q&pp=ygUKZGV0b25hdGlvbg%3D%3D
detonation,Zr0AKF1hZSo&pp=ygUKZGV0b25hdGlvbg%3D%3D
detonation,qNtQwUO9ff8&pp=ygUKZGV0b25hdGlvbg%3D%3D
detonation,8GWftDB6S2g&pp=ygUKZGV0b25hdGlvbg%3D%3D
detonation,JFiBXFFzT5c&pp=ygUKZGV0b25hdGlvbg%3D%3D
detonation,OuXyOyOWLN8&pp=ygUKZGV0b25hdGlvbg%3D%3D
detonation,k5IlYLBCx6M&pp=ygUKZGV0b25hdGlvbg%3D%3D
detonation,993wlZ6XFSs&pp=ygUKZGV0b25hdGlvbg%3D%3D
detonation,2PE883q4b-w&pp=ygUKZGV0b25hdGlvbg%3D%3D
detonation,b4JeMyilVA8&pp=ygUKZGV0b25hdGlvbg%3D%3D
detonation,JQQZ_3x_KQo&pp=ygUKZGV0b25hdGlvbg%3D%3D
detonation,ZOYdwVvwWPY&pp=ygUKZGV0b25hdGlvbg%3D%3D
detonation,aB5qHSlTENk&pp=ygUKZGV0b25hdGlvbg%3D%3D
detonation,NKJvcVM6jvE&pp=ygUKZGV0b25hdGlvbg%3D%3D
detonation,2zTb5x1D6hw&pp=ygUKZGV0b25hdGlvbg%3D%3D
detonation,2kXGrv8IRXU&pp=ygUKZGV0b25hdGlvbg%3D%3D
detonation,Fu0WdIN4SrQ&pp=ygUKZGV0b25hdGlvbg%3D%3D
detonation,6TLlY7ptTMc&pp=ygUKZGV0b25hdGlvbg%3D%3D
detonation,r17czTWHFmU&pp=ygUKZGV0b25hdGlvbg%3D%3D
detonation,ZCaiuGsTrjU&pp=ygUKZGV0b25hdGlvbg%3D%3D
detonation,h7hkGyw9AlM&pp=ygUKZGV0b25hdGlvbg%3D%3D
detonation,cHzxtdj2_DE&pp=ygUKZGV0b25hdGlvbg%3D%3D
detonation,YZii-sWZetc&pp=ygUKZGV0b25hdGlvbg%3D%3D
detonation,xeZxxizT_OM&pp=ygUKZGV0b25hdGlvbg%3D%3D
detonation,gNJ-Vug6Nqs&pp=ygUKZGV0b25hdGlvbg%3D%3D
detonation,lGC51mIQylk&pp=ygUKZGV0b25hdGlvbg%3D%3D
detonation,4ANaGxwCXfc&pp=ygUKZGV0b25hdGlvbg%3D%3D
detonation,p9oQDWe5_p8&pp=ygUKZGV0b25hdGlvbg%3D%3D
detonation,wOTRNCYjK4I&pp=ygUKZGV0b25hdGlvbg%3D%3D
blowout,ocQImpRfPMk&pp=ygUHYmxvd291dA%3D%3D
blowout,1zDcsjHyxr8&pp=ygUHYmxvd291dA%3D%3D
blowout,6A1lsI3vY1E&pp=ygUHYmxvd291dA%3D%3D
blowout,-o2k2eXQLFY&pp=ygUHYmxvd291dA%3D%3D
blowout,JsYd-W_prgw&pp=ygUHYmxvd291dA%3D%3D
blowout,l3lwS-Hh3lk&pp=ygUHYmxvd291dA%3D%3D
blowout,UboOzesLa6A&pp=ygUHYmxvd291dA%3D%3D
blowout,9NQ8LehUWSE&pp=ygUHYmxvd291dA%3D%3D
blowout,O613cGrLMlQ&pp=ygUHYmxvd291dA%3D%3D
blowout,eTtbnO_DHP8&pp=ygUHYmxvd291dA%3D%3D
blowout,m5kzhJyGhCs&pp=ygUHYmxvd291dA%3D%3D
blowout,-y3Pk9xR9_U&pp=ygUHYmxvd291dA%3D%3D
blowout,rDve1A5EAvk&pp=ygUHYmxvd291dA%3D%3D
blowout,KYWVPU8W620&pp=ygUHYmxvd291dA%3D%3D
blowout,dgWfyFgEsO8&pp=ygUHYmxvd291dA%3D%3D
blowout,Z5dBFmaA3Bo&pp=ygUHYmxvd291dA%3D%3D
blowout,EDRA_2mDY6w&pp=ygUHYmxvd291dA%3D%3D
blowout,fVOWAxaWOOE&pp=ygUHYmxvd291dA%3D%3D
blowout,oZ3A3-le2XA&pp=ygUHYmxvd291dA%3D%3D
blowout,vslHJvSvi68&pp=ygUHYmxvd291dA%3D%3D
blowout,w8-U2OBnO4Q&pp=ygUHYmxvd291dA%3D%3D
blowout,89MEaeieOnA&pp=ygUHYmxvd291dA%3D%3D
blowout,-R61MyZmiyA&pp=ygUHYmxvd291dA%3D%3D
blowout,SAKDwATz8ZQ&pp=ygUHYmxvd291dA%3D%3D
blowout,DYztJykw_kw&pp=ygUHYmxvd291dA%3D%3D
blowout,BkJGXZfpbOg&pp=ygUHYmxvd291dA%3D%3D
blowout,OxgRs00qX4w&pp=ygUHYmxvd291dA%3D%3D
blowout,tYDO0rLWCzc&pp=ygUHYmxvd291dA%3D%3D
blowout,z8y3aR_dc6c&pp=ygUHYmxvd291dA%3D%3D
blowout,vEA9xz_Ied0&pp=ygUHYmxvd291dA%3D%3D
blowout,0fBEeEV3XSE&pp=ygUHYmxvd291dA%3D%3D
blowout,CmEERsDBNac&pp=ygUHYmxvd291dA%3D%3D
blowout,sYTO_0_0ReQ&pp=ygUHYmxvd291dA%3D%3D
blowout,QkjZcdBLkws&pp=ygUHYmxvd291dA%3D%3D
blowout,nRVVU0Kdrs8&pp=ygUHYmxvd291dA%3D%3D
blowout,4x7tKIiXrvk&pp=ygUHYmxvd291dA%3D%3D
blowout,ZN_hPJxI_s8&pp=ygUHYmxvd291dA%3D%3D
blowout,sMERmP9VMoU&pp=ygUHYmxvd291dA%3D%3D
blowout,hH7MX1gWooc&pp=ygUHYmxvd291dA%3D%3D
blowout,wxYePyR-DRg&pp=ygUHYmxvd291dA%3D%3D
blowout,ZHwAxhOqMkQ&pp=ygUHYmxvd291dA%3D%3D
blowout,tVx0gHGKdl0&pp=ygUHYmxvd291dA%3D%3D
blowout,pF85GDarx6I&pp=ygUHYmxvd291dA%3D%3D
blowout,4vxmPp-AIVk&pp=ygUHYmxvd291dA%3D%3D
blowout,wnQeWpvLWJM&pp=ygUHYmxvd291dA%3D%3D
blowout,CP8JiqItigE&pp=ygUHYmxvd291dA%3D%3D
blowout,xQAwJc1LKOw&pp=ygUHYmxvd291dA%3D%3D
blowout,dqI-B9xHask&pp=ygUHYmxvd291dA%3D%3D
blowout,cGCjszy_01Q&pp=ygUHYmxvd291dA%3D%3D
blowout,iWIOXihYyAY&pp=ygUHYmxvd291dA%3D%3D
blowout,jkyjKP71D8E&pp=ygUHYmxvd291dA%3D%3D
blowout,dOqutR6aY3Y&pp=ygUHYmxvd291dA%3D%3D
blowout,BPIW8rXIYR4&pp=ygUHYmxvd291dA%3D%3D
blowout,VjIPIA-TkBQ&pp=ygUHYmxvd291dA%3D%3D
blowout,CT14Bk9EdMA&pp=ygUHYmxvd291dA%3D%3D
blowout,1USJdaybOgE&pp=ygUHYmxvd291dA%3D%3D
blowout,9VpOVsDLq-8&pp=ygUHYmxvd291dA%3D%3D
blowout,t0VR8D45hhY&pp=ygUHYmxvd291dA%3D%3D
blowout,4qjS2Tr0zuc&pp=ygUHYmxvd291dA%3D%3D
blowout,31j0jA4lpt4&pp=ygUHYmxvd291dA%3D%3D
blowout,Frtb_tIh9Is&pp=ygUHYmxvd291dA%3D%3D
blowout,ZP-f4Mjfxk4&pp=ygUHYmxvd291dA%3D%3D
blowout,uXF0spdWQQo&pp=ygUHYmxvd291dA%3D%3D
blowout,5FpZbtzFI2g&pp=ygUHYmxvd291dA%3D%3D
blowout,h_zVjEpgFDM&pp=ygUHYmxvd291dA%3D%3D
blowout,L3jyR2KfNpM&pp=ygUHYmxvd291dA%3D%3D
blowout,30dGse5Vuc8&pp=ygUHYmxvd291dA%3D%3D
blowout,8uoeL4DmdIA&pp=ygUHYmxvd291dA%3D%3D
blowout,s5V9r_i4MQ4&pp=ygUHYmxvd291dA%3D%3D
blowout,R5-j9I7vKm4&pp=ygUHYmxvd291dA%3D%3D
blowout,f5ncTlgIajE&pp=ygUHYmxvd291dA%3D%3D
blowout,mybhSgTb0ew&pp=ygUHYmxvd291dA%3D%3D
blowout,cwCpP1BNMM4&pp=ygUHYmxvd291dA%3D%3D
blowout,VW8pshbMhow&pp=ygUHYmxvd291dA%3D%3D
blowout,fN9RgM0Ds04&pp=ygUHYmxvd291dA%3D%3D
blowout,lpzvS0ATxB4&pp=ygUHYmxvd291dA%3D%3D
blowout,E678tGyxc3w&pp=ygUHYmxvd291dA%3D%3D
blowout,jdSZCcQaP_U&pp=ygUHYmxvd291dA%3D%3D
blowout,ROeGKs4xTfs&pp=ygUHYmxvd291dA%3D%3D
blowout,fm-3LrLxxB4&pp=ygUHYmxvd291dA%3D%3D
blowout,hYg9hiHtehc&pp=ygUHYmxvd291dA%3D%3D
blowout,OcXoETosk-U&pp=ygUHYmxvd291dA%3D%3D
blowout,08YiUFqwPAc&pp=ygUHYmxvd291dA%3D%3D
blowout,Y0crUd2oIjE&pp=ygUHYmxvd291dA%3D%3D
blowout,RY_3zfM9jl4&pp=ygUHYmxvd291dA%3D%3D
blowout,vyDbNocGAhs&pp=ygUHYmxvd291dA%3D%3D
blowout,kD2bbBReILY&pp=ygUHYmxvd291dA%3D%3D
blowout,P0j-tOeessA&pp=ygUHYmxvd291dA%3D%3D
blowout,LmJiGGAa8XY&pp=ygUHYmxvd291dA%3D%3D
blowout,f32J-cwfJN8&pp=ygUHYmxvd291dA%3D%3D
blowout,pZp5TiCl0zk&pp=ygUHYmxvd291dA%3D%3D
blowout,JcMAl6lL4BM&pp=ygUHYmxvd291dA%3D%3D
blowout,O22PTmj-svs&pp=ygUHYmxvd291dA%3D%3D
blowout,w7VS-uqxfmA&pp=ygUHYmxvd291dA%3D%3D
blowout,M1tU61Nyv1w&pp=ygUHYmxvd291dA%3D%3D
blowout,wzYwWA9eEk4&pp=ygUHYmxvd291dA%3D%3D
blowout,cDygL-8_FlU&pp=ygUHYmxvd291dA%3D%3D
blowout,RL1hr-waijA&pp=ygUHYmxvd291dA%3D%3D
blowout,2WLJTPnL8ZA&pp=ygUHYmxvd291dA%3D%3D
blowout,35mhKAIDHHs&pp=ygUHYmxvd291dA%3D%3D
burst,vy_U8gmzMFg&pp=ygUFYnVyc3Q%3D
burst,nCM8SBaPROk&pp=ygUFYnVyc3Q%3D
burst,4L5iNM4PGdY&pp=ygUFYnVyc3Q%3D
burst,q200te3EQhE&pp=ygUFYnVyc3Q%3D
burst,2hqDTTjnjlo&pp=ygUFYnVyc3Q%3D
burst,fkl1JnfC1j4&pp=ygUFYnVyc3Q%3D
burst,ONFPL74Mn9M&pp=ygUFYnVyc3Q%3D
burst,TCeRtlR-HVA&pp=ygUFYnVyc3Q%3D
burst,D3WwUL4fsjI&pp=ygUFYnVyc3Q%3D
burst,cxr81kBed60&pp=ygUFYnVyc3Q%3D
burst,65HUnY8EGFg&pp=ygUFYnVyc3Q%3D
burst,bydVwPCVhGE&pp=ygUFYnVyc3Q%3D
burst,gcNSdmI8Y1I&pp=ygUFYnVyc3Q%3D
burst,THKKvKfjH3c&pp=ygUFYnVyc3Q%3D
burst,AyvECk5cUbI&pp=ygUFYnVyc3Q%3D
burst,MXPf4EFErIQ&pp=ygUFYnVyc3Q%3D
burst,ciImCeRDMkE&pp=ygUFYnVyc3Q%3D
burst,94beToHiko4&pp=ygUFYnVyc3Q%3D
burst,0q64r0gislk&pp=ygUFYnVyc3Q%3D
burst,vs4QfDw_Bow&pp=ygUFYnVyc3Q%3D
burst,-NFiU-jYsOY&pp=ygUFYnVyc3Q%3D
burst,7f0p--0BCv4&pp=ygUFYnVyc3Q%3D
burst,Qn8dJA3WM3M&pp=ygUFYnVyc3Q%3D
burst,3Y8VjSDDFa4&pp=ygUFYnVyc3Q%3D
burst,93TqBYC80SY&pp=ygUFYnVyc3Q%3D
burst,TXjFJ8aWr9g&pp=ygUFYnVyc3Q%3D
burst,4pu1PLG2TgI&pp=ygUFYnVyc3Q%3D
burst,3Z6aCxTz7QA&pp=ygUFYnVyc3Q%3D
burst,QFxhbsBsY8U&pp=ygUFYnVyc3Q%3D
burst,pV2SeOVGR_M&pp=ygUFYnVyc3Q%3D
burst,j8YbmfMpu0U&pp=ygUFYnVyc3Q%3D
burst,gQZUUuP98VY&pp=ygUFYnVyc3Q%3D
burst,HsOSiw3GbeQ&pp=ygUFYnVyc3Q%3D
burst,4jEU-ufbXR8&pp=ygUFYnVyc3Q%3D
burst,sp0mudXALls&pp=ygUFYnVyc3Q%3D
burst,B-2IZCz8E6I&pp=ygUFYnVyc3Q%3D
burst,7mEnqN_qNV0&pp=ygUFYnVyc3Q%3D
burst,eaUWfrHNq4U&pp=ygUFYnVyc3Q%3D
burst,2OzD4b_sNmA&pp=ygUFYnVyc3Q%3D
burst,kpRyWgZ6O88&pp=ygUFYnVyc3Q%3D
burst,pnnTLb_FR7k&pp=ygUFYnVyc3Q%3D
burst,syYjj7VBnVQ&pp=ygUFYnVyc3Q%3D
burst,DJ2F637BCDc&pp=ygUFYnVyc3Q%3D
burst,iNBYz3yt0Rs&pp=ygUFYnVyc3Q%3D
burst,ZjOUc7rKtPQ&pp=ygUFYnVyc3Q%3D
burst,2XJ6xc4PEwg&pp=ygUFYnVyc3Q%3D
burst,ebA3UzF3k6o&pp=ygUFYnVyc3Q%3D
burst,omJkH69DuiY&pp=ygUFYnVyc3Q%3D
burst,xcaUI8-iCmE&pp=ygUFYnVyc3Q%3D
burst,gh9j4UWx0H8&pp=ygUFYnVyc3Q%3D
burst,JVL9sKJcQe4&pp=ygUFYnVyc3Q%3D
burst,X-TBhEwnBik&pp=ygUFYnVyc3Q%3D
burst,G34usz8un7w&pp=ygUFYnVyc3Q%3D
burst,JEiY8h85L50&pp=ygUFYnVyc3Q%3D
burst,nxH8Bc0cHok&pp=ygUFYnVyc3Q%3D
burst,tVaaioWQ0o0&pp=ygUFYnVyc3Q%3D
burst,0DTpstpk4LE&pp=ygUFYnVyc3Q%3D
burst,EIHYO8-qI_4&pp=ygUFYnVyc3Q%3D
burst,WVUi5upvqqk&pp=ygUFYnVyc3Q%3D
burst,o_2EynWMDFg&pp=ygUFYnVyc3Q%3D
burst,b6xZBtJlS0U&pp=ygUFYnVyc3Q%3D
burst,FfhPWSexmrs&pp=ygUFYnVyc3Q%3D
burst,EwbTQFAM-TM&pp=ygUFYnVyc3Q%3D
burst,lji9GrICbAU&pp=ygUFYnVyc3Q%3D
burst,54B8csT6YYA&pp=ygUFYnVyc3Q%3D
burst,jr35oS-bXo0&pp=ygUFYnVyc3Q%3D
burst,xmLCC5CJ9LE&pp=ygUFYnVyc3Q%3D
burst,hzJGG7mSJo0&pp=ygUFYnVyc3Q%3D
burst,HX2w2FjLWdk&pp=ygUFYnVyc3Q%3D
burst,cZhTm3uqNXc&pp=ygUFYnVyc3Q%3D
burst,Vhll3mAbYHA&pp=ygUFYnVyc3Q%3D
burst,sqHpc_A0cdE&pp=ygUFYnVyc3Q%3D
burst,y5b6A9onGSw&pp=ygUFYnVyc3Q%3D
burst,mSx8ErwE-Ww&pp=ygUFYnVyc3Q%3D
burst,ZjpMQb43A3I&pp=ygUFYnVyc3Q%3D
burst,CGK0lYJ4B9w&pp=ygUFYnVyc3Q%3D
burst,HHFkw-bR4dI&pp=ygUFYnVyc3Q%3D
burst,mmLCBQef0_I&pp=ygUFYnVyc3Q%3D
burst,sIokcYXPx2U&pp=ygUFYnVyc3Q%3D
burst,kBLhywts5oI&pp=ygUFYnVyc3Q%3D
burst,2IFjlIkHApo&pp=ygUFYnVyc3Q%3D
burst,tqew1CYKqxE&pp=ygUFYnVyc3Q%3D
burst,8jUjv1sbdpA&pp=ygUFYnVyc3Q%3D
burst,OUcaAfOzUTY&pp=ygUFYnVyc3Q%3D
burst,EzCdOD4oB8s&pp=ygUFYnVyc3Q%3D
burst,bBM5rqOXcgo&pp=ygUFYnVyc3Q%3D
burst,sbPm6zq7pWk&pp=ygUFYnVyc3Q%3D
burst,BjmbLFYxwUI&pp=ygUFYnVyc3Q%3D
burst,hahIY7o7YW0&pp=ygUFYnVyc3Q%3D
burst,IzsDd4NUXIk&pp=ygUFYnVyc3Q%3D
burst,vfRpiem7yps&pp=ygUFYnVyc3Q%3D
burst,6FskMS1ovSo&pp=ygUFYnVyc3Q%3D
burst,03dA_3Vqm8s&pp=ygUFYnVyc3Q%3D
burst,glUhQ6QEUuw&pp=ygUFYnVyc3Q%3D
burst,AQpV1r7RZrA&pp=ygUFYnVyc3Q%3D
burst,f_r-rzz3JHE&pp=ygUFYnVyc3Q%3D
burst,Xlzsxli4AOE&pp=ygUFYnVyc3Q%3D
burst,EOuRmq3J3OY&pp=ygUFYnVyc3Q%3D
burst,CdoswjvCq7U&pp=ygUFYnVyc3Q%3D
burst,n6m8PLgRBNo&pp=ygUFYnVyc3Q%3D
